Tickersymbol,YahooTicker,CompanyName,Exchange
ELUXB.ST,ELUXB.ST,ELUXB.ST,YHD
ATCOA.ST,ATCOA.ST,ATCOA.ST,YHD
BOL.ST,BOL.ST,Boliden AB,STO
AZN.ST,AZN.ST,AstraZeneca PLC,STO
ENRO.ST,ENRO.ST,Eniro Group AB,STO
ERICB.ST,ERICB.ST,ERICB.ST,YHD
ALFA.ST,ALFA.ST,Alfa Laval AB,STO
ABB.ST,ABB.ST,ABB Ltd,STO
ASSAB.ST,ASSAB.ST,ASSAB.ST,YHD
ATCOB.ST,ATCOB.ST,ATCOB.ST,YHD
SEBA.ST,SEBA.ST,SEBA.ST,YHD
SAND.ST,SAND.ST,Sandvik AB,STO
INVEB.ST,INVEB.ST,INVEB.ST,YHD
LUPE.ST,LUPE.ST,LUPE.ST,Unknown
HMB.ST,HMB.ST,HMB.ST,YHD
SCAB.ST,SCAB.ST,SCAB.ST,YHD
SECUB.ST,SECUB.ST,SECUB.ST,YHD
SWEDA.ST,SWEDA.ST,SWEDA.ST,YHD
SKAB.ST,SKAB.ST,SKAB.ST,YHD
SHBA.ST,SHBA.ST,SHBA.ST,YHD
VOLVB.ST,VOLVB.ST,VOLVB.ST,YHD
TEL2B.ST,TEL2B.ST,TEL2B.ST,YHD
TELIA.ST,TELIA.ST,Telia Company AB,STO
SKFB.ST,SKFB.ST,SKFB.ST,YHD
SWMA.ST,SWMA.ST,SWMA.ST,Unknown
SSABA.ST,SSABA.ST,SSABA.ST,YHD
AXFO.ST,AXFO.ST,Axfood AB,STO
CAST.ST,CAST.ST,Castellum AB,STO
EKTAB.ST,EKTAB.ST,Elekta AB (publ),YHD
ENQ.ST,ENQ.ST,ENQ.ST,Unknown
ERICA.ST,ERICA.ST,ERICA.ST,YHD
FABG.ST,FABG.ST,Fabege AB,STO
GETIB.ST,GETIB.ST,GETIB.ST,YHD
HEXAB.ST,HEXAB.ST,Hexagon AB,YHD
HOLMB.ST,HOLMB.ST,HOLMB.ST,YHD
HUFVA.ST,HUFVA.ST,Hufvudstaden AB (publ),YHD
HUSQA.ST,HUSQA.ST,HUSQA.ST,Unknown
HUSQB.ST,HUSQB.ST,HUSQB.ST,YHD
INTRUM.ST,INTRUM.ST,Intrum AB,STO
INDUA.ST,INDUA.ST,INDUA.ST,YHD
INVEA.ST,INVEA.ST,INVEA.ST,YHD
JM.ST,JM.ST,JM AB,STO
KINVA.ST,KINVA.ST,KINVA.ST,YHD
KINVB.ST,KINVB.ST,KINVB.ST,YHD
KLED.ST,KLED.ST,KLED.ST,Unknown
LATOB.ST,LATOB.ST,Investment AB Latour (publ),YHD
LIAB.ST,LIAB.ST,Lindab International AB,STO
LOOMB.ST,LOOMB.ST,Loomis AB,YHD
LUNDB.ST,LUNDB.ST,L E Lundbergföretagen AB,YHD
MTGA.ST,MTGA.ST,MTGA.ST,YHD
MTGB.ST,MTGB.ST,MTGB.ST,YHD
NCCA.ST,NCCA.ST,NCCA.ST,YHD
NCCB.ST,NCCB.ST,NCC AB,YHD
NOBI.ST,NOBI.ST,Nobia AB,STO
PEABB.ST,PEABB.ST,Peab AB,YHD
RATOB.ST,RATOB.ST,Ratos AB,YHD
SAABB.ST,SAABB.ST,SAAB AB (publ.),YHD
SAS.ST,SAS.ST,SAS.ST,Unknown
SCAA.ST,SCAA.ST,SCAA.ST,YHD
SEBC.ST,SEBC.ST,SEBC.ST,YHD
SSABB.ST,SSABB.ST,SSABB.ST,YHD
TEL2A.ST,TEL2A.ST,TEL2A.ST,YHD
TRELB.ST,TRELB.ST,TRELB.ST,YHD
VOLVA.ST,VOLVA.ST,VOLVA.ST,YHD
AAK.ST,AAK.ST,AAK AB,STO
ACTI.ST,ACTI.ST,Active Biotech AB,STO
ADDTB.ST,ADDTB.ST,Addtech AB (publ),YHD
AFB.ST,AFB.ST,ÅF AB,YHD
ANODB.ST,ANODB.ST,ANODB.ST,YHD
ANOT.ST,ANOT.ST,Anoto Group AB,STO
ARISE.ST,ARISE.ST,Arise AB,STO
BALDB.ST,BALDB.ST,Fastighets AB Balder (publ),YHD
BERGB.ST,BERGB.ST,BERGB.ST,YHD
BEGR.ST,BEGR.ST,BE Group AB,STO
BEIAB.ST,BEIAB.ST,Beijer Alma AB (publ),YHD
BEIJB.ST,BEIJB.ST,Beijer Ref AB (publ),YHD
BELE.ST,BELE.ST,BELE.ST,Unknown
BETSB.ST,BETSB.ST,BETSB.ST,YHD
BILIA.ST,BILIA.ST,Bilia AB,YHD
BILL.ST,BILL.ST,Billerud Aktiebolag,STO
BINV.ST,BINV.ST,BioInvent International AB,STO
BIOGB.ST,BIOGB.ST,BioGaia AB,YHD
BIOT.ST,BIOT.ST,Biotage AB,STO
BMAX.ST,BMAX.ST,Byggmax Group AB,STO
BORG.ST,BORG.ST,Björn Borg AB,STO
BOUL.ST,BOUL.ST,Boule Diagnostics AB,STO
BRGB.ST,BRGB.ST,Bergs Timber AB (publ),YHD
BRINB.ST,BRINB.ST,BRINB.ST,YHD
BTSB.ST,BTSB.ST,BTS Group AB (publ),YHD
BURE.ST,BURE.ST,Bure Equity AB,STO
CATE.ST,CATE.ST,Catena AB,STO
CCORB.ST,CCORB.ST,Concordia Maritime AB (publ),YHD
QLRO.ST,QLRO.ST,QLRO.ST,Unknown
CEVI.ST,CEVI.ST,CellaVision AB,STO
CLASB.ST,CLASB.ST,Clas Ohlson AB (publ),YHD
CONSB.ST,CONSB.ST,Consilium AB (publ),YHD
COREA.ST,COREA.ST,COREA.ST,YHD
DIOS.ST,DIOS.ST,Diös Fastigheter AB,STO
DORO.ST,DORO.ST,DORO AB,STO
DUNI.ST,DUNI.ST,Duni AB,STO
DURCB.ST,DURCB.ST,Duroc AB (publ),YHD
ELANB.ST,ELANB.ST,Elanders AB (publ),YHD
ELEC.ST,ELEC.ST,ELEC.ST,Unknown
ELUXA.ST,ELUXA.ST,ELUXA.ST,YHD
ENEA.ST,ENEA.ST,Enea AB,STO
EWRK.ST,EWRK.ST,Ework Group AB,STO
FAG.ST,FAG.ST,Fagerhult Group AB,STO
BULTEN.ST,BULTEN.ST,Bulten AB,STO
FEEL.ST,FEEL.ST,FEEL.ST,Unknown
FINGB.ST,FINGB.ST,FINGB.ST,YHD
FPAR.ST,FPAR.ST,FPAR.ST,Unknown
FPIP.ST,FPIP.ST,Formpipe Software AB,STO
GHP.ST,GHP.ST,GHP.ST,Unknown
GUNN.ST,GUNN.ST,GUNN.ST,Unknown
HEBAB.ST,HEBAB.ST,HEBAB.ST,YHD
HIQ.ST,HIQ.ST,HIQ.ST,Unknown
HLDX.ST,HLDX.ST,HLDX.ST,Unknown
HOLMA.ST,HOLMA.ST,HOLMA.ST,YHD
HPOLB.ST,HPOLB.ST,Hexpol AB (Publ),YHD
HUFVC.ST,HUFVC.ST,HUFVC.ST,YHD
IARB.ST,IARB.ST,IARB.ST,YHD
INDT.ST,INDT.ST,Indutrade AB,STO
INDUC.ST,INDUC.ST,INDUC.ST,YHD
ITABB.ST,ITABB.ST,Itab Shop Concept AB,YHD
KABEB.ST,KABEB.ST,KABE AB (publ),YHD
KAHL.ST,KAHL.ST,KAHL.ST,Unknown
KARO.ST,KARO.ST,KARO.ST,Unknown
KDEV.ST,KDEV.ST,Karolinska Development AB ser.B,STO
KLOVA.ST,KLOVA.ST,KLOVA.ST,YHD
KNOW.ST,KNOW.ST,Knowit AB,STO
LAGRB.ST,LAGRB.ST,Lagercrantz Group AB,YHD
LAMMB.ST,LAMMB.ST,Lammhults Design Group AB (publ),YHD
ATRLJB.ST,ATRLJB.ST,ATRLJB.ST,YHD
MEABB.ST,MEABB.ST,Malmbergs Elektriska AB (publ),YHD
MEKO.ST,MEKO.ST,MEKO AB,STO
MYCR.ST,MYCR.ST,Mycronic AB,STO
MIDWA.ST,MIDWA.ST,MIDWA.ST,YHD
MIDWB.ST,MIDWB.ST,Midway Holding AB,YHD
MSABB.ST,MSABB.ST,MSABB.ST,YHD
EMPIRB.ST,EMPIRB.ST,EMPIRB.ST,YHD
MSONA.ST,MSONA.ST,Midsona AB (publ),YHD
MSONB.ST,MSONB.ST,MSONB.ST,YHD
MULQ.ST,MULQ.ST,MULQ.ST,Unknown
MVIRB.ST,MVIRB.ST,Medivir AB,YHD
NETB.ST,NETB.ST,NetEnt AB (publ),YHD
NETIB.ST,NETIB.ST,Net Insight AB (publ),YHD
NEWAB.ST,NEWAB.ST,New Wave Group AB (publ),YHD
NIBEB.ST,NIBEB.ST,NIBEB.ST,YHD
NMAN.ST,NMAN.ST,Nederman Holding AB,STO
NOLAB.ST,NOLAB.ST,Nolato AB (publ),YHD
NOTE.ST,NOTE.ST,NOTE AB,STO
STRAX.ST,STRAX.ST,Strax AB,STO
NTEKB.ST,NTEKB.ST,Novotek AB,YHD
OASM.ST,OASM.ST,OASM.ST,Unknown
ODD.ST,ODD.ST,ODD.ST,Unknown
OEMB.ST,OEMB.ST,OEM International AB,YHD
TRENT.ST,TRENT.ST,TRENT.ST,Unknown
ORES.ST,ORES.ST,INVESTMENT AB ORESUND,STO
ORTIA.ST,ORTIA.ST,ORTIA.ST,YHD
ORTIB.ST,ORTIB.ST,ORTIB.ST,YHD
ORX.ST,ORX.ST,Orexo AB,STO
PACT.ST,PACT.ST,Proact IT Group AB,STO
POOLB.ST,POOLB.ST,Poolia AB (publ),YHD
PREC.ST,PREC.ST,Precise Biometrics AB,STO
PREVB.ST,PREVB.ST,Prevas AB,YHD
PRICB.ST,PRICB.ST,Pricer AB,YHD
PROFB.ST,PROFB.ST,ProfilGruppen AB,YHD
VSSABB.ST,VSSABB.ST,VSSABB.ST,YHD
RATOA.ST,RATOA.ST,RATOA.ST,YHD
RAYB.ST,RAYB.ST,RaySearch Laboratories AB (publ),YHD
REJLB.ST,REJLB.ST,Rejlers AB,YHD
RNBS.ST,RNBS.ST,RNBS.ST,Unknown
RROS.ST,RROS.ST,Rottneros AB,STO
SAGAA.ST,SAGAA.ST,SAGAA.ST,YHD
SECTB.ST,SECTB.ST,Sectra AB (publ),YHD
SEMC.ST,SEMC.ST,SEMC.ST,Unknown
SENS.ST,SENS.ST,"SENS.ST,0P00018KCC,0",STO
SHBB.ST,SHBB.ST,SHBB.ST,YHD
SINT.ST,SINT.ST,SinterCast AB,STO
SKFA.ST,SKFA.ST,SKFA.ST,YHD
SKISB.ST,SKISB.ST,SkiStar AB (publ),YHD
SMF.ST,SMF.ST,SMF.ST,Unknown
SOFB.ST,SOFB.ST,Softronic AB,YHD
STEA.ST,STEA.ST,STEA.ST,YHD
STER.ST,STER.ST,STER.ST,YHD
STWK.ST,STWK.ST,Stockwik Förvaltning AB,STO
SVEDB.ST,SVEDB.ST,Svedbergs i Dalstorp AB,YHD
SVIK.ST,SVIK.ST,Studsvik AB,STO
SWECA.ST,SWECA.ST,SWECA.ST,YHD
SWECB.ST,SWECB.ST,Sweco AB,YHD
SWOLB.ST,SWOLB.ST,Swedol AB,YHD
SYSR.ST,SYSR.ST,Systemair AB,STO
TIETOS.ST,TIETOS.ST,TietoEVRY Corporation,STO
TRACB.ST,TRACB.ST,AB Traction,YHD
TRAD.ST,TRAD.ST,TradeDoubler AB,STO
VBGB.ST,VBGB.ST,VBG Group AB (publ),YHD
VITB.ST,VITB.ST,Vitec Software Group AB,YHD
VITR.ST,VITR.ST,Vitrolife AB,STO
VNVSDB.ST,VNVSDB.ST,VNVSDB.ST,YHD
VRGB.ST,VRGB.ST,Venue Retail Group AB,YHD
WALLB.ST,WALLB.ST,Wallenstam AB (publ),YHD
WIHL.ST,WIHL.ST,Wihlborgs Fastigheter AB,STO
XANOB.ST,XANOB.ST,XANO Industri AB,YHD
PFE.ST,PFE.ST,PFE.ST,Unknown
ENDO.ST,ENDO.ST,ENDO.ST,Unknown
ARP.ST,ARP.ST,Arctic Paper S.A.,STO
SAGAB.ST,SAGAB.ST,SAGAB.ST,Unknown
TETY.ST,TETY.ST,TETY.ST,Unknown
NVP.ST,NVP.ST,NVP.ST,Unknown
ABIG.ST,ABIG.ST,"ABIG.ST,0P0000VYMC,1286608",STO
ITALSDB.ST,ITALSDB.ST,ITALSDB.ST,Unknown
PAPI.ST,PAPI.ST,PAPI.ST,Unknown
SFTR.ST,SFTR.ST,Safeture AB,STO
ABSO.ST,ABSO.ST,Absolent Air Care Group AB,STO
SPRINT.ST,SPRINT.ST,Sprint Bioscience AB,STO
NP3.ST,NP3.ST,NP3 Fastigheter AB,STO
SEAL.ST,SEAL.ST,SEAL.ST,Unknown
FOLLI.ST,FOLLI.ST,FOLLI.ST,Unknown
SBBB.ST,SBBB.ST,SBBB.ST,YHD
ARCOMA.ST,ARCOMA.ST,Arcoma AB,STO
ZENI.ST,ZENI.ST,Zenicor Medical Systems AB,STO
THULE.ST,THULE.ST,Thule Group AB,STO
ROOT.ST,ROOT.ST,ROOT.ST,Unknown
NXTMS.ST,NXTMS.ST,NXTMS.ST,Unknown
HEART.ST,HEART.ST,Scandinavian Real Heart AB,STO
VERI.ST,VERI.ST,VERI.ST,Unknown
PCELL.ST,PCELL.ST,PowerCell Sweden AB,STO
NEWTON.ST,NEWTON.ST,NEWTON.ST,Unknown
SAPIAB.ST,SAPIAB.ST,SAPIAB.ST,Unknown
TORSAB.ST,TORSAB.ST,TORSAB.ST,Unknown
ORGC.ST,ORGC.ST,OrganoClick AB,STO
ELTEL.ST,ELTEL.ST,Eltel AB,STO
KARE.ST,KARE.ST,KARE.ST,Unknown
DUST.ST,DUST.ST,Dustin Group AB,STO
COPPB.ST,COPPB.ST,COPPB.ST,YHD
CANTA.ST,CANTA.ST,Cantargia AB,STO
APTA.ST,APTA.ST,Aptahem AB,STO
BACTIB.ST,BACTIB.ST,BACTIB.ST,YHD
BESQ.ST,BESQ.ST,BESQ.ST,Unknown
BUFAB.ST,BUFAB.ST,Bufab AB,STO
EPISB.ST,EPISB.ST,EPISB.ST,YHD
G5EN.ST,G5EN.ST,G5 Entertainment AB,STO
HEMF.ST,HEMF.ST,HEMF.ST,Unknown
HOFI.ST,HOFI.ST,Hoist Finance AB,STO
INWI.ST,INWI.ST,Inwido AB,STO
IVISYS.ST,IVISYS.ST,IVISYS.ST,Unknown
LIFCOB.ST,LIFCOB.ST,LIFCOB.ST,YHD
LUC.ST,LUC.ST,Lucara Diamond Corp,STO
JOSE.ST,JOSE.ST,JOSE.ST,Unknown
OP.ST,OP.ST,OP.ST,Unknown
OPUS.ST,OPUS.ST,OPUS.ST,Unknown
PLAZB.ST,PLAZB.ST,PLAZB.ST,YHD
RECIB.ST,RECIB.ST,RECIB.ST,YHD
SCST.ST,SCST.ST,Scandi Standard AB,STO
TROAX.ST,TROAX.ST,Troax Group AB,STO
VICPA.ST,VICPA.ST,VICPA.ST,YHD
VICPB.ST,VICPB.ST,VICPB.ST,YHD
DEFLB.ST,DEFLB.ST,DEFLB.ST,Unknown
SPIFF.ST,SPIFF.ST,Spiffbet AB,STO
TOBII.ST,TOBII.ST,Tobii AB,STO
SALTB.ST,SALTB.ST,SALTB.ST,Unknown
NFGAB.ST,NFGAB.ST,Nordic Flanges Group AB,STO
SPOR.ST,SPOR.ST,SPOR.ST,Unknown
CLBIO.ST,CLBIO.ST,Corline Biomedical AB,STO
COMBI.ST,COMBI.ST,Combigene AB,STO
GCOR.ST,GCOR.ST,Gaming Corps AB,STO
FGG.ST,FGG.ST,FGG.ST,Unknown
SCIB.ST,SCIB.ST,Scibase Holding AB,STO
TRANS.ST,TRANS.ST,Transtema Group AB,STO
ALIG.ST,ALIG.ST,Alimak Group AB,STO
AVEN.ST,AVEN.ST,Avensia AB,STO
COOR.ST,COOR.ST,Coor Service Management Holding,STO
HOVD.ST,HOVD.ST,HOVD.ST,Unknown
IDOGEN.ST,IDOGEN.ST,"IDOGEN.ST,0P000167OF,0",STO
INISSB.ST,INISSB.ST,INISSB.ST,Unknown
NILB.ST,NILB.ST,NILB.ST,YHD
PRIME.ST,PRIME.ST,PRIME.ST,Unknown
REDS.ST,REDS.ST,Redsense Medical AB,STO
CRADB.ST,CRADB.ST,CRADB.ST,YHD
IVSO.ST,IVSO.ST,INVISIO AB,STO
KONT.ST,KONT.ST,Kontigo Care AB,STO
NOBINA.ST,NOBINA.ST,NOBINA.ST,Unknown
QBNK.ST,QBNK.ST,QBNK Holding AB,STO
SPEC.ST,SPEC.ST,SpectraCure AB,STO
WISE.ST,WISE.ST,Wise Group AB,STO
BONAS.ST,BONAS.ST,Bonäsudden Holding AB,STO
EOLUB.ST,EOLUB.ST,EOLUB.ST,YHD
HYCO.ST,HYCO.ST,Hybricon AB,STO
KLOVB.ST,KLOVB.ST,KLOVB.ST,Unknown
PRCOB.ST,PRCOB.ST,Precio Fishbone AB (publ),YHD
SPEQT.ST,SPEQT.ST,SPEQT.ST,Unknown
MOMENT.ST,MOMENT.ST,Moment Group AB,STO
FASTAT.ST,FASTAT.ST,AB Fastator,STO
ADDVA.ST,ADDVA.ST,ADDVA.ST,YHD
ADDVB.ST,ADDVB.ST,ADDVB.ST,YHD
AGESB.ST,AGESB.ST,AGESB.ST,Unknown
AJAB.ST,AJAB.ST,AJAB.ST,YHD
AMAST.ST,AMAST.ST,AMAST.ST,Unknown
ARCT.ST,ARCT.ST,Arctic Minerals AB,STO
BRE2.ST,BRE2.ST,Bredband2 i Skandinavien AB,STO
BRIG.ST,BRIG.ST,BRIG.ST,Unknown
CAPAC.ST,CAPAC.ST,CAPAC.ST,Unknown
CATA.ST,CATA.ST,CATA.ST,Unknown
CATB.ST,CATB.ST,Catella AB (publ),YHD
CBTTB.ST,CBTTB.ST,CBTTB.ST,YHD
CIB.ST,CIB.ST,CIB.ST,Unknown
SINCH.ST,SINCH.ST,Sinch AB,STO
CONF.ST,CONF.ST,CONF.ST,Unknown
DDM.ST,DDM.ST,"DDM.ST,0P00013TU2,0",STO
DELARK.ST,DELARK.ST,DELARK.ST,Unknown
DIAH.ST,DIAH.ST,Diadrom Holding AB,STO
DIGN.ST,DIGN.ST,Dignitana AB,STO
DMYDB.ST,DMYDB.ST,DMYDB.ST,Unknown
DOXA.ST,DOXA.ST,Doxa AB,STO
DRIL.ST,DRIL.ST,Drillcon AB,STO
KAKEL.ST,KAKEL.ST,Kakel Max AB,STO
ENZY.ST,ENZY.ST,Enzymatica AB,STO
GENI.ST,GENI.ST,Generic Sweden AB,STO
GHUSB.ST,GHUSB.ST,GHUSB.ST,Unknown
HANZA.ST,HANZA.ST,HANZA AB,STO
HELIO.ST,HELIO.ST,Heliospectra AB,STO
HIFAB.ST,HIFAB.ST,Hifab Group AB (Publ),YHD
HNSA.ST,HNSA.ST,Hansa Biopharma AB,STO
HTRO.ST,HTRO.ST,Hexatronic Group AB,STO
IMPC.ST,IMPC.ST,Impact Coatings AB,STO
KAMBI.ST,KAMBI.ST,Kambi Group Plc,STO
KAPIAB.ST,KAPIAB.ST,Kallebäck Property Invest AB,STO
KENH.ST,KENH.ST,Kentima Holding AB,STO
KOPY.ST,KOPY.ST,KOPY.ST,Unknown
LIDDS.ST,LIDDS.ST,LIDDS AB,STO
LINKAB.ST,LINKAB.ST,Link Prop Investment AB,STO
LLSWB.ST,LLSWB.ST,LightLab Sweden AB,YHD
MACKB.ST,MACKB.ST,MACKB.ST,Unknown
MAV.ST,MAV.ST,Mavshack AB,STO
MISE.ST,MISE.ST,MISE.ST,Unknown
MYFC.ST,MYFC.ST,MYFC.ST,Unknown
NEXAM.ST,NEXAM.ST,Nexam Chemical Holding AB,STO
NICO.ST,NICO.ST,Nicoccino Holding AB,STO
NJOB.ST,NJOB.ST,NetJobs Group AB,STO
OBAB.ST,OBAB.ST,Online Brands Nordic AB,STO
BINERO.ST,BINERO.ST,Binero Group AB,STO
PALSB.ST,PALSB.ST,PALSB.ST,Unknown
PCOMB.ST,PCOMB.ST,PCOMB.ST,Unknown
PLED.ST,PLED.ST,PLED.ST,Unknown
POLY.ST,POLY.ST,Polyplank AB,STO
SAVOS.ST,SAVOS.ST,SAVOS.ST,Unknown
SBOK.ST,SBOK.ST,ScandBook Holding AB,STO
SDOS.ST,SDOS.ST,ScandiDos AB,STO
SEABB.ST,SEABB.ST,SEABB.ST,Unknown
SJRB.ST,SJRB.ST,SJRB.ST,YHD
SKMO.ST,SKMO.ST,Skåne-möllan AB,STO
ALLGB.ST,ALLGB.ST,ALLGB.ST,YHD
SOLT.ST,SOLT.ST,SolTech Energy Sweden AB,STO
STEFB.ST,STEFB.ST,STEFB.ST,YHD
TAGMB.ST,TAGMB.ST,TagMaster AB (publ),YHD
TEONE.ST,TEONE.ST,TEONE.ST,Unknown
VEMFSDB.ST,VEMFSDB.ST,VEMFSDB.ST,Unknown
WESC.ST,WESC.ST,WESC.ST,Unknown
WIFOG.ST,WIFOG.ST,WIFOG.ST,Unknown
WPAY.ST,WPAY.ST,Westpay AB,STO
XVIVO.ST,XVIVO.ST,Xvivo Perfusion AB,STO
ZETA.ST,ZETA.ST,ZETA.ST,Unknown
ZZB.ST,ZZB.ST,ZZB.ST,Unknown
OV.ST,OV.ST,OV.ST,Unknown
AAPB.ST,AAPB.ST,AAPB.ST,YHD
BRAV.ST,BRAV.ST,Bravida Holding AB,STO
HAMLET.ST,HAMLET.ST,HAMLET.ST,Unknown
KLAR.ST,KLAR.ST,Klaria Pharma Holding AB,STO
NICA.ST,NICA.ST,Nanologica AB,STO
SANION.ST,SANION.ST,Saniona AB,STO
AHA.ST,AHA.ST,AHA.ST,Unknown
ALZ.ST,ALZ.ST,Alzinova AB,STO
MOXI.ST,MOXI.ST,MOXI.ST,Unknown
MINEST.ST,MINEST.ST,Minesto AB,STO
PCAT.ST,PCAT.ST,Photocat A/S,STO
CAMX.ST,CAMX.ST,Camurus AB,STO
IMMNOV.ST,IMMNOV.ST,Immunovia AB,STO
NILS.ST,NILS.ST,Nilsson Special Vehicles AB,STO
IMINT.ST,IMINT.ST,IMINT.ST,Unknown
PREBON.ST,PREBON.ST,Prebona AB,STO
QUICK.ST,QUICK.ST,QUICK.ST,Unknown
SPIRA.ST,SPIRA.ST,SPIRA.ST,Unknown
FOUT.ST,FOUT.ST,"FOUT.ST,0P0001NH7J,172370",STO
HEGR.ST,HEGR.ST,Hedera Group AB,STO
RBASE.ST,RBASE.ST,RBASE.ST,Unknown
SLEEP.ST,SLEEP.ST,Sleep Cycle AB,STO
ALIFB.ST,ALIFB.ST,ALIFB.ST,YHD
GARO.ST,GARO.ST,Garo AB,STO
PMED.ST,PMED.ST,PEPTONIC Medical AB,STO
POLYG.ST,POLYG.ST,Polygiene Group AB,STO
RHOVAC.ST,RHOVAC.ST,RHOVAC.ST,Unknown
XBRANE.ST,XBRANE.ST,Xbrane Biopharma AB,STO
XINT.ST,XINT.ST,Xintela AB,STO
LOUDS.ST,LOUDS.ST,LOUDS.ST,Unknown
IBTB.ST,IBTB.ST,IBTB.ST,Unknown
PLEJD.ST,PLEJD.ST,Plejd AB,STO
SYDSV.ST,SYDSV.ST,Sydsvenska Hem AB,STO
NEPA.ST,NEPA.ST,Nepa AB,STO
SIMRISB.ST,SIMRISB.ST,SIMRISB.ST,Unknown
RESURS.ST,RESURS.ST,Resurs Holding AB,STO
VADS.ST,VADS.ST,VADS.ST,Unknown
BOSJO.ST,BOSJO.ST,BOSJO.ST,Unknown
CLEMO.ST,CLEMO.ST,Clean Motion AB,STO
CYXO.ST,CYXO.ST,CYXO.ST,Unknown
BONAVA.ST,BONAVA.ST,BONAVA.ST,YHD
BONAVB.ST,BONAVB.ST,BONAVB.ST,Unknown
PIEZO.ST,PIEZO.ST,PIEZO.ST,Unknown
B3.ST,B3.ST,B3 Consulting Group AB,STO
ERMA.ST,ERMA.ST,Enorama Pharma AB,STO
SECARE.ST,SECARE.ST,Swedencare AB,STO
TFBANK.ST,TFBANK.ST,TF Bank AB,STO
GOMX.ST,GOMX.ST,GomSpace Group AB,STO
LAUR.ST,LAUR.ST,"LAUR.ST,0P00018508,0",STO
ALELIO.ST,ALELIO.ST,"ALELIO.ST,0P000187HB,0",STO
AROC.ST,AROC.ST,AroCell AB (publ),STO
PROVIT.ST,PROVIT.ST,Provide IT Sweden AB,STO
BRANDB.ST,BRANDB.ST,"BRANDB.ST,0P0001RSAU,14557717",STO
SYNACT.ST,SYNACT.ST,SynAct Pharma AB,STO
FLOWS.ST,FLOWS.ST,Flowscape Technology AB,STO
EXPRS2.ST,EXPRS2.ST,ExpreS2ion Biotech Holding AB,STO
MAHAA.ST,MAHAA.ST,MAHAA.ST,YHD
PENCON.ST,PENCON.ST,PENCON.ST,Unknown
LAIR.ST,LAIR.ST,"LAIR.ST,0P0000ZB1P,9886",STO
ETIN.ST,ETIN.ST,ETIN.ST,Unknown
F2M.ST,F2M.ST,"F2M.ST,0P0000ZB21,783520",STO
FNOX.ST,FNOX.ST,Fortnox AB,STO
SUST.ST,SUST.ST,SUST.ST,Unknown
MEDNA.ST,MEDNA.ST,MEDNA.ST,Unknown
METV.ST,METV.ST,METV.ST,Unknown
REALB.ST,REALB.ST,REALB.ST,YHD
SBC.ST,SBC.ST,SBC.ST,Unknown
MLTR.ST,MLTR.ST,MLTR.ST,Unknown
GUARD.ST,GUARD.ST,Guard Therapeutics Internationa,STO
FIL.ST,FIL.ST,FIL.ST,Unknown
ALCA.ST,ALCA.ST,Alcadon Group AB,STO
CYB1.ST,CYB1.ST,Cyber Security 1 AB,STO
ENG.ST,ENG.ST,ENG.ST,Unknown
KLOVPREF.ST,KLOVPREF.ST,KLOVPREF.ST,Unknown
MALAR.ST,MALAR.ST,MALAR.ST,Unknown
SERT.ST,SERT.ST,Serstech AB,STO
FRISQ.ST,FRISQ.ST,FRISQ.ST,Unknown
INDEX.ST,INDEX.ST,INDEX.ST,Unknown
SOLNA.ST,SOLNA.ST,Solnaberg Property AB,STO
TOBIN.ST,TOBIN.ST,TOBIN.ST,Unknown
SAGAD.ST,SAGAD.ST,SAGAD.ST,Unknown
ZETAPREF.ST,ZETAPREF.ST,ZETAPREF.ST,Unknown
CFISH.ST,CFISH.ST,Crunchfish AB,STO
GAPWB.ST,GAPWB.ST,GAPWB.ST,YHD
ATORX.ST,ATORX.ST,Alligator Bioscience AB,STO
SRNKEB.ST,SRNKEB.ST,SRNKEB.ST,YHD
VOLOPREF.ST,VOLOPREF.ST,VOLOPREF.ST,Unknown
STRLNG.ST,STRLNG.ST,STRLNG.ST,Unknown
ADDERA.ST,ADDERA.ST,ADDERA.ST,Unknown
BYGGP.ST,BYGGP.ST,ByggPartner Gruppen AB,STO
CMOTECB.ST,CMOTECB.ST,CMOTECB.ST,Unknown
VOLO.ST,VOLO.ST,Volati AB,STO
ACARIX.ST,ACARIX.ST,Acarix AB,STO
AINO.ST,AINO.ST,Aino Health AB,STO
COREPREF.ST,COREPREF.ST,COREPREF.ST,Unknown
ENROPREF.ST,ENROPREF.ST,ENROPREF.ST,Unknown
EOS.ST,EOS.ST,"EOS.ST,0P0000EU9Y,0",STO
FPARPREF.ST,FPARPREF.ST,FPARPREF.ST,Unknown
HAVB.ST,HAVB.ST,HAVB.ST,YHD
HEMFPREF.ST,HEMFPREF.ST,HEMFPREF.ST,Unknown
NAXS.ST,NAXS.ST,NAXS AB,STO
OPPREFB.ST,OPPREFB.ST,OPPREFB.ST,Unknown
SEYE.ST,SEYE.ST,Smart Eye AB,STO
SVOLA.ST,SVOLA.ST,SVOLA.ST,YHD
SVOLB.ST,SVOLB.ST,Svolder AB,YHD
VICPPREF.ST,VICPPREF.ST,VICPPREF.ST,Unknown
CUR.ST,CUR.ST,CUR.ST,Unknown
AQ.ST,AQ.ST,AQ Group AB,STO
MULT.ST,MULT.ST,MULT.ST,Unknown
EFFP.ST,EFFP.ST,EFFP.ST,Unknown
AMBI.ST,AMBI.ST,Ambia Trading Group AB,Unknown
AMNO.ST,AMNO.ST,Amnode AB,STO
AXKID.ST,AXKID.ST,AXKID.ST,Unknown
BAHNB.ST,BAHNB.ST,BAHNB.ST,Unknown
BOTX.ST,BOTX.ST,Botnia Exploration Holding AB,STO
BRAIN.ST,BRAIN.ST,BrainCool AB,STO
REDR.ST,REDR.ST,REDR.ST,Unknown
CSEC.ST,CSEC.ST,CSEC.ST,Unknown
ECOM.ST,ECOM.ST,ECOM.ST,Unknown
EQL.ST,EQL.ST,EQL Pharma AB,STO
EUCI.ST,EUCI.ST,EUCI.ST,Unknown
FXI.ST,FXI.ST,FX International AB,STO
GJAB.ST,GJAB.ST,Gullberg & Jansson AB,STO
GREAT.ST,GREAT.ST,Greater Than AB,STO
JOJK.ST,JOJK.ST,Jojka Communications AB,Unknown
JOSA.ST,JOSA.ST,JOSAB WATER SOLUTIONS AB,Unknown
KLICB.ST,KLICB.ST,KLICB.ST,YHD
LOVI.ST,LOVI.ST,Lovisagruvan AB,STO
QUIA.ST,QUIA.ST,QUIA PHARMA AB,STO
MEDF.ST,MEDF.ST,MEDF.ST,Unknown
MODI.ST,MODI.ST,Motion Display Scandinavia AB,STO
MPEN.ST,MPEN.ST,Medimi AB,YHD
MPOS.ST,MPOS.ST,Micropos Medical AB,STO
NANEXA.ST,NANEXA.ST,Nanexa AB,STO
NETG.ST,NETG.ST,NETG.ST,Unknown
NFO.ST,NFO.ST,NFO Drives AB,STO
NOVU.ST,NOVU.ST,Novus Group International AB,STO
OBOYAB.ST,OBOYAB.ST,OBOYAB.ST,YHD
PB.ST,PB.ST,PB.ST,Unknown
PHAL.ST,PHAL.ST,PharmaLundensis AB,STO
SDET.ST,SDET.ST,SensoDetect AB,STO
SEZI.ST,SEZI.ST,Senzime AB,STO
SPAGO.ST,SPAGO.ST,Spago Nanomedical AB,STO
TAURB.ST,TAURB.ST,TAURB.ST,YHD
TIKS.ST,TIKS.ST,TiksPac AB,Unknown
TOURN.ST,TOURN.ST,Tourn International AB,STO
WNT.ST,WNT.ST,WntResearch AB,STO
EXALT.ST,EXALT.ST,Exalt AB,STO
HOYLU.ST,HOYLU.ST,HOYLU.ST,Unknown
ONCO.ST,ONCO.ST,Oncopeptides AB,STO
IRLABA.ST,IRLABA.ST,IRLABA.ST,YHD
HEMC.ST,HEMC.ST,HEMC.ST,Unknown
ACOS.ST,ACOS.ST,ACOS.ST,Unknown
INIT.ST,INIT.ST,Initiator Pharma A/S,STO
CARE.ST,CARE.ST,Careium AB,STO
CHRO.ST,CHRO.ST,CHRO.ST,Unknown
EATG.ST,EATG.ST,EatGood Sweden AB,STO
ISR.ST,ISR.ST,ISR.ST,Unknown
MIPS.ST,MIPS.ST,Mips AB,STO
UNIBAP.ST,UNIBAP.ST,Unibap AB,STO
AMBEA.ST,AMBEA.ST,Ambea AB,STO
ISOFOL.ST,ISOFOL.ST,Isofol Medical AB,STO
PRLD.ST,PRLD.ST,"PRLD.ST,0P0001A2BV,4129895",STO
ATIC.ST,ATIC.ST,Actic Group AB,STO
FMMB.ST,FMMB.ST,FMMB.ST,YHD
IVACC.ST,IVACC.ST,Intervacc AB,STO
SONE.ST,SONE.ST,Sonetel AB,STO
SSM.ST,SSM.ST,SSM.ST,Unknown
TANGI.ST,TANGI.ST,Tangiamo Touch Technology AB,STO
ANNX.ST,ANNX.ST,Annexin Pharmaceuticals AB,STO
ACUC.ST,ACUC.ST,AcuCort AB,STO
MATRA.ST,MATRA.ST,MATRA.ST,Unknown
XMR.ST,XMR.ST,XMReality AB,STO
COMPIT.ST,COMPIT.ST,COMPIT.ST,Unknown
RENT.ST,RENT.ST,"RENT.ST,0P0001AE1G,0",STO
BUSER.ST,BUSER.ST,Bambuser AB,STO
MANTEX.ST,MANTEX.ST,Mantex AB,STO
INSTAL.ST,INSTAL.ST,Instalco AB,STO
SDIPB.ST,SDIPB.ST,SDIPB.ST,YHD
MCOVB.ST,MCOVB.ST,MCOVB.ST,YHD
MPLUS.ST,MPLUS.ST,MPLUS.ST,Unknown
MTRS.ST,MTRS.ST,Munters Group AB,STO
BOOZT.ST,BOOZT.ST,Boozt AB,STO
BONEX.ST,BONEX.ST,BONESUPPORT HOLDING AB,STO
MMGRB.ST,MMGRB.ST,MMGRB.ST,YHD
ENERS.ST,ENERS.ST,Enersize Oyj,STO
NITRO.ST,NITRO.ST,Nitro Games Oyj,STO
QUART.ST,QUART.ST,Quartiers Properties AB,STO
ZAPLOX.ST,ZAPLOX.ST,Zaplox AB,STO
PAX.ST,PAX.ST,Paxman AB,STO
TCC.ST,TCC.ST,TCC.ST,Unknown
TRIANB.ST,TRIANB.ST,TRIANB.ST,YHD
SEDANA.ST,SEDANA.ST,Sedana Medical AB,STO
CIMCO.ST,CIMCO.ST,CIMCO.ST,Unknown
ASPIRE.ST,ASPIRE.ST,ASPIRE.ST,Unknown
PROMO.ST,PROMO.ST,PROMO.ST,Unknown
URBIT.ST,URBIT.ST,"URBIT.ST,0P0001B8LC,0",STO
REALFI.ST,REALFI.ST,Realfiction Holding AB,STO
PANION.ST,PANION.ST,Panion Animal Health AB,Unknown
IAPO.ST,IAPO.ST,IAPO.ST,Unknown
ENRAD.ST,ENRAD.ST,Enrad AB,STO
SECS.ST,SECS.ST,SECS.ST,Unknown
N55.ST,N55.ST,N55.ST,Unknown
NXTCL.ST,NXTCL.ST,NextCell Pharma AB,STO
SENZA.ST,SENZA.ST,SenzaGen AB,STO
ISAB.ST,ISAB.ST,Inhalation Sciences Sweden AB,STO
XSPRAY.ST,XSPRAY.ST,Xspray Pharma AB,STO
BALCO.ST,BALCO.ST,Balco Group AB,STO
HANDI.ST,HANDI.ST,HANDI.ST,Unknown
BIOAB.ST,BIOAB.ST,BIOAB.ST,YHD
CLIMEB.ST,CLIMEB.ST,CLIMEB.ST,YHD
QIIWI.ST,QIIWI.ST,Qiiwi Games AB,STO
GLOBAL.ST,GLOBAL.ST,GLOBAL.ST,Unknown
LOGIST.ST,LOGIST.ST,Logistri Fastighets AB,STO
ESEN.ST,ESEN.ST,ESEN.ST,Unknown
BIBB.ST,BIBB.ST,BibbInstruments AB,STO
IRRAS.ST,IRRAS.ST,IRRAS.ST,Unknown
2CUREX.ST,2CUREX.ST,2cureX AB,STO
AWRD.ST,AWRD.ST,Awardit AB,STO
TSEC.ST,TSEC.ST,Tempest Security AB,STO
ACCON.ST,ACCON.ST,Acconeer AB,STO
SCOUT.ST,SCOUT.ST,Scout Gaming Group AB,STO
ARJOB.ST,ARJOB.ST,ARJOB.ST,YHD
BIOWKS.ST,BIOWKS.ST,Bio-Works Technologies AB,STO
FLEXQ.ST,FLEXQ.ST,FlexQube AB,STO
AKELPREF.ST,AKELPREF.ST,AKELPREF.ST,Unknown
LEMSE.ST,LEMSE.ST,Leading Edge Materials Corp.,STO
BONES.ST,BONES.ST,BONES.ST,Unknown
CIBUS.ST,CIBUS.ST,Cibus Nordic Real Estate AB,STO
ZUTEC.ST,ZUTEC.ST,ZUTEC.ST,Unknown
ICO.ST,ICO.ST,Iconovo AB,STO
INFREA.ST,INFREA.ST,Infrea AB,STO
OVZON.ST,OVZON.ST,Ovzon AB,STO
JDT.ST,JDT.ST,JonDeTech Sensors AB,STO
ITECH.ST,ITECH.ST,I-Tech AB,STO
NCAB.ST,NCAB.ST,NCAB Group AB,STO
BETCO.ST,BETCO.ST,Better Collective A/S,STO
FLEXM.ST,FLEXM.ST,Flexion Mobile Plc,STO
CALTX.ST,CALTX.ST,CALTX.ST,Unknown
RAKE.ST,RAKE.ST,Raketech Group Holding plc,STO
RPLAN.ST,RPLAN.ST,Ranplan Group AB,STO
TOUCH.ST,TOUCH.ST,Touchtech AB,STO
NIO.ST,NIO.ST,Nordic Iron Ore AB,STO
TOAD.ST,TOAD.ST,TOAD.ST,Unknown
247.ST,247.ST,24SevenOffice Group AB,STO
OBST.ST,OBST.ST,Obstecare AB,SAT
STENO.ST,STENO.ST,STENO.ST,Unknown
AXOLOT.ST,AXOLOT.ST,Axolot Solutions Holding AB,STO
ALZCUR.ST,ALZCUR.ST,AlzeCure Pharma AB,STO
JETPAK.ST,JETPAK.ST,JETPAK.ST,Unknown
QLINEA.ST,QLINEA.ST,Q-Linea AB,STO
AZELIO.ST,AZELIO.ST,AZELIO.ST,Unknown
INCOAX.ST,INCOAX.ST,InCoax Networks AB,STO
FERRO.ST,FERRO.ST,Ferroamp AB,STO
GIGSEK.ST,GIGSEK.ST,GIGSEK.ST,Unknown
TEQ.ST,TEQ.ST,Teqnion AB,STO
COLAB.ST,COLAB.ST,Colabitoil Sweden AB,SAT
ZICC.ST,ZICC.ST,Ziccum AB,STO
RISK.ST,RISK.ST,RISK.ST,STO
BUBL.ST,BUBL.ST,BUBL.ST,Unknown
UPSALE.ST,UPSALE.ST,Upsales Technology AB,STO
OSSD.ST,OSSD.ST,OssDsign AB,STO
SLITE.ST,SLITE.ST,SLITE.ST,Unknown
JOMA.ST,JOMA.ST,John Mattson Fastighetsföretag,STO
NHCBHFFS.ST,NHCBHFFS.ST,Baltic Horizon Fund,STO
ADAPT.ST,ADAPT.ST,ADAPT.ST,Unknown
SEAF.ST,SEAF.ST,Seafire AB,STO
QBIT.ST,QBIT.ST,"QBIT.ST,0P0001I073,220237",STO
NUSTAY.ST,NUSTAY.ST,NUSTAY.ST,Unknown
ATANA.ST,ATANA.ST,"ATANA.ST,0P0001CSYW,472453",STO
SMOL.ST,SMOL.ST,Smoltek Nanotech Holding AB,STO
MNTC.ST,MNTC.ST,Mentice AB,STO
LIPI.ST,LIPI.ST,Lipidor AB,STO
ZIGN.ST,ZIGN.ST,ZIGN.ST,Unknown
NOKIA.ST,NOKIA.ST,Nokia Oyj,
NDASE.ST,NDASE.ST,Nordea Bank,
AOIC.ST,AOIC.ST,Africa Oil Corp,
ICAA.ST,ICAA.ST,ICA Gruppen,
ALIVSDB.ST,ALIVSDB.ST,Autoliv Inc. SDB,
ATREA.ST,ATREA.ST,AllTele Allmanna Svenska,
AVANZ.ST,AVANZ.ST,Avanza Bank,
BOLJ.ST,BOLJ.ST,Bong AB,
CLOEB.ST,CLOEB.ST,Cloetta B,
CONIC.ST,CONIC.ST,Concentric AB,
CTTS.ST,CTTS.ST,CTT Systems AB,
CVTEC.ST,CVTEC.ST,Cavotec SA,
DEDIC.ST,DEDIC.ST,Dedicare B,
EAST9.ST,EAST9.ST,Eastnine,
ELOSSB.ST,ELOSSB.ST,Elos B,
ETRN.ST,ETRN.ST,Etrion Corporation,
HMSN.ST,HMSN.ST,HMS Networks,
ICT.ST,ICT.ST,Icta B,
ISY.ST,ISY.ST,Image Systems,
MBPH.ST,MBPH.ST,Moberg Pharma,
TIGOSDB.ST,TIGOSDB.ST,Millicom DRC,
MQH.ST,MQH.ST,MQ Holding AB,
PROB.ST,PROB.ST,Probi AB,
SOBIV.ST,SOBIV.ST,Swedish Orphan Biovitrum,
AGROM.ST,AGROM.ST,Agromino,
KINDSDB.ST,KINDSDB.ST,Kindred Group,
MERTA.ST,MERTA.ST,Mertiva,
WILABT.ST,WILABT.ST,Wilderness Holdings,
KANC.ST,KANC.ST,Kancera AB,
ADVENI.ST,ADVENI.ST,Advenica,
AKANOK.ST,AKANOK.ST,Akastor ASA,
SSONOK.ST,SSONOK.ST,Scatec Solar OL,
GRANG.ST,GRANG.ST,Granges,
GABAT.ST,GABAT.ST,Gabather,
BAYNE.ST,BAYNE.ST,Bayn Europe AB,
LUNG.ST,LUNG.ST,Lundin Gold Inc,
LEXIN.ST,LEXIN.ST,Lexington Company AB,
EMOTR.ST,EMOTR.ST,Emotra AB,
ACRIN.ST,ACRIN.ST,Acrinova,
EVOG.ST,EVOG.ST,Evolution Gaming,
NANONOK.ST,NANONOK.ST,Nordic Nanovector ASA,
CLINEB.ST,CLINEB.ST,Cline Scientific AB,
FEOIB.ST,FEOIB.ST,Fenix Outdoor International AG,
HEMB.ST,HEMB.ST,Hembla,
VSDYNB.ST,VSDYNB.ST,Vibrosense Dynamics AB,
MULTINOK.ST,MULTINOK.ST,Multiconsult AS SE,
PHLOGB.ST,PHLOGB.ST,Pharmacolog i Uppsala,
SCHANOK.ST,SCHANOK.ST,Schibsted A,
EPRNOK.ST,EPRNOK.ST,Europris ASA,
BATTM.ST,BATTM.ST,Eurobattery Minerals,
SCHBNOK.ST,SCHBNOK.ST,Schibsted ASA B,
STZEA.ST,STZEA.ST,Starbreeze AB A,
STZEB.ST,STZEB.ST,Starbreeze AB B,
ORIFL.ST,ORIFL.ST,Oriflame Holding AG,
PANDXB.ST,PANDXB.ST,Pandox AB,
COLLE.ST,COLLE.ST,Collector AB,
AHM1S.ST,AHM1S.ST,Ahlstrom-Munksjo,
SLOTTA.ST,SLOTTA.ST,Slottsviken Fastighetsaktiebolag A,
SLOTTB.ST,SLOTTB.ST,Slottsviken Fastighetsaktiebolag B,
VISE.ST,VISE.ST,Vindico Group AB,
ALMT.ST,ALMT.ST,ALM Equity AB,
AURIM.ST,AURIM.ST,Auriant Mining AB,
AVTCHB.ST,AVTCHB.ST,Avtech Sweden publ AB,
AXIC.ST,AXIC.ST,aXichem publ AB,
BIMOB.ST,BIMOB.ST,Bimobject,
CLAVI.ST,CLAVI.ST,Clavister Holding AB,
COEN.ST,COEN.ST,Cortus Energy AB,
DISTIT.ST,DISTIT.ST,DistIT AB,
DOMEN.ST,DOMEN.ST,Dome Energy,
ELLE.ST,ELLE.ST,Ellen AB,
FFLY.ST,FFLY.ST,Firefly AB,
GENOB.ST,GENOB.ST,Genovis AB,
IMMUN.ST,IMMUN.ST,Immunicum AB,
NBZG.ST,NBZG.ST,Northbaze Group,
JLTM.ST,JLTM.ST,JLT Mobile Computers publ AB,
MAGNO.ST,MAGNO.ST,Magnolia Bostad AB,
MANGS.ST,MANGS.ST,Mangold AB,
MEDCAP.ST,MEDCAP.ST,MedCap,
MEEK.ST,MEEK.ST,Modern Ekonomi Sverige Holding,
IRIST.ST,IRIST.ST,Irisity,
NISCH.ST,NISCH.ST,Nischer Properties,
NLABA.ST,NLABA.ST,ENLABS,
CLEME.ST,CLEME.ST,NC Lahega,
NWND.ST,NWND.ST,New Nordic Healthbrands AB,
SAXGR.ST,SAXGR.ST,Pilum,
SCENS.ST,SCENS.ST,Scandinavian Enviro Systems AB,
SNMP.ST,SNMP.ST,ShaMaran Petroleum,
STLL.ST,STLL.ST,Stille AB,
STORYB.ST,STORYB.ST,Storytel,
UTG1.ST,UTG1.ST,Unlimited Travel Group UTG publ AB,
KIDNOK.ST,KIDNOK.ST,Kid ASA,
PEXAB.ST,PEXAB.ST,PExA AB,
SBANKNOK.ST,SBANKNOK.ST,Skandiabanken,
DOMETIC.ST,DOMETIC.ST,Dometic Group publ AB,
WAYSH.ST,WAYSH.ST,Waystream Holding publ AB,
ACMED.ST,ACMED.ST,A City Media AB,
ATTE.ST,ATTE.ST,Attendo International publ AB,
GAMIGNOK.ST,GAMIGNOK.ST,Gaming Innovation,
SFRG.ST,SFRG.ST,Stillfront Group publ AB,
SHOTE.ST,SHOTE.ST,Scandic Hotels Group AB,
TCTE.ST,TCTE.ST,TC TECH Sweden AB,
VICOR.ST,VICOR.ST,Vicore Pharma Holding AB,
ZENZIPB.ST,ZENZIPB.ST,Zenergy,
NUEVOL.ST,NUEVOL.ST,Nuevolution AB,
PHLYNOK.ST,PHLYNOK.ST,Philly Shipyard ASA,
TOLE.ST,TOLE.ST,Toleranzia AB,
VISTINNOK.ST,VISTINNOK.ST,Vistin Pharma ASA,
AXACNOK.ST,AXACNOK.ST,Axactor,
NRCNOK.ST,NRCNOK.ST,NRC Group,
PRIMEPREFB.ST,PRIMEPREFB.ST,Prime Living publ Pref,
CATME.ST,CATME.ST,Catena Media,
SCCB.ST,SCCB.ST,Sjostrand Coffee,
EVERYA.ST,EVERYA.ST,Everysport Media,
FRONOK.ST,FRONOK.ST,Frontline,
HUMAN.ST,HUMAN.ST,Humana,
IMSW.ST,IMSW.ST,Invent Medic Sweden,
LEOV.ST,LEOV.ST,LeoVegas,
NGSG.ST,NGSG.ST,NGS Group,
TALKP.ST,TALKP.ST,TalkPool,
LITIU.ST,LITIU.ST,Litium,
PDXI.ST,PDXI.ST,Paradox Interactive,
B2HNOK.ST,B2HNOK.ST,B2holding,
ACADE.ST,ACADE.ST,AcadeMedia,
AVMNOK.ST,AVMNOK.ST,Avocet Mining,
NWGH.ST,NWGH.ST,Nordic Waterproofing,
REDWPH.ST,REDWPH.ST,Redwood Pharma,
ABSLC.ST,ABSLC.ST,Absolicon Solar Collector,
CRNOSB.ST,CRNOSB.ST,Cereno Scientific,
MAXFP.ST,MAXFP.ST,MaxFast Properties,
NOFINOK.ST,NOFINOK.ST,Norwegian Finans,
SRTMG.ST,SRTMG.ST,Shortcut Media,
TRENOK.ST,TRENOK.ST,Treasure,
TECHNOK.ST,TECHNOK.ST,Techstep,
OPTIFR.ST,OPTIFR.ST,OptiFreeze,
AIKB.ST,AIKB.ST,AIK Fotboll,
ARBONA.ST,ARBONA.ST,Arbona A,
ARBONB.ST,ARBONB.ST,Arbona B,
BRIOX.ST,BRIOX.ST,Briox,
CRWEN.ST,CRWEN.ST,Crown Energy,
DIVIB.ST,DIVIB.ST,Dividend Sweden,
DIVIKV1B.ST,DIVIKV1B.ST,Dividend Sweden Pref,
FRNTB.ST,FRNTB.ST,FrontOffice Nordic,
GTABB.ST,GTABB.ST,Glycorex Transplantation,
GTGS.ST,GTGS.ST,Gold Town Games,
GUGEO.ST,GUGEO.ST,Guideline Geo,
IMSOLB.ST,IMSOLB.ST,Implementa Sol,
KOBR.ST,KOBR.ST,Kopparbergs Bryggeri,
LCTE.ST,LCTE.ST,LC Tec,
LIFEB.ST,LIFEB.ST,LifeAssays,
MEGRP.ST,MEGRP.ST,Mediacle,
MVVB.ST,MVVB.ST,MVV Holding,
OBDUB.ST,OBDUB.ST,Obducat AB,
PNVA.ST,PNVA.ST,Paynova,
QUARTPREF.ST,QUARTPREF.ST,Quartiers Properties,
SOSIL.ST,SOSIL.ST,Sotkamo Silver AB,
SWEMB.ST,SWEMB.ST,Swemet,
AKERBPNOK.ST,AKERBPNOK.ST,Aker BP,
UMIDAB.ST,UMIDAB.ST,Umida B,
GAPX.ST,GAPX.ST,Gasporox,
CLNKB.ST,CLNKB.ST,Cellink,
EMBRACB.ST,EMBRACB.ST,Embracer Group,
ARCUSNOK.ST,ARCUSNOK.ST,Arcus,
AACM.ST,AACM.ST,AAC Microtec,
ABTNOK.ST,ABTNOK.ST,Aqua Bio Tech,
AEROG.ST,AEROG.ST,Svenska Aerogel,
AFGNOK.ST,AFGNOK.ST,Af Gruppen,
AKENOK.ST,AKENOK.ST,Aker,
AKSONOK.ST,AKSONOK.ST,Aker Solutions OL,
ALNGNOK.ST,ALNGNOK.ST,Awilco LNG,
AMSCNOK.ST,AMSCNOK.ST,American Shipping,
ARCHERNOK.ST,ARCHERNOK.ST,Archer,
ASCNOK.ST,ASCNOK.ST,ABG Sundal Collier,
ASETEKNOK.ST,ASETEKNOK.ST,Asetek,
ATEANOK.ST,ATEANOK.ST,Atea,
AUSSNOK.ST,AUSSNOK.ST,Austevoll,
AVANCENOK.ST,AVANCENOK.ST,Avance Gas Holding Ltd,
AWDRNOK.ST,AWDRNOK.ST,Awilco Drilling,
BAKKANOK.ST,BAKKANOK.ST,P/f Bakkafrost,
BONNOK.ST,BONNOK.ST,Bonheur,
BRGDNOK.ST,BRGDNOK.ST,Borregaard,
BWLPGNOK.ST,BWLPGNOK.ST,BW LPG,
BWONOK.ST,BWONOK.ST,BW Offshore,
CREADA.ST,CREADA.ST,Creades,
DNBNOK.ST,DNBNOK.ST,DnB,
DNONOK.ST,DNONOK.ST,DNO International,
DOFNOK.ST,DOFNOK.ST,Dof,
EDGEW.ST,EDGEW.ST,Edgeware,
EMGSNOK.ST,EMGSNOK.ST,Electromagnetic Geoservices,
DDASANOK.ST,DDASANOK.ST,Dolphin Drilling,
FUNCOMNOK.ST,FUNCOMNOK.ST,Funcom,
GJFNOK.ST,GJFNOK.ST,Gjensidige Forsikring,
GOGLTNOK.ST,GOGLTNOK.ST,Golden Ocean,
GSFNOK.ST,GSFNOK.ST,Grieg Seafood,
HAVINOK.ST,HAVINOK.ST,Havila Shipping,
HEXNOK.ST,HEXNOK.ST,Hexagon Composites,
HLNGNOK.ST,HLNGNOK.ST,Hoegh LNG,
HYARDNOK.ST,HYARDNOK.ST,Havyard Group ASA,
IDEXNOK.ST,IDEXNOK.ST,Idex ASA,
ELEMNOK.ST,ELEMNOK.ST,Intex,
JINNOK.ST,JINNOK.ST,Jinhui Shipping,
KITNOK.ST,KITNOK.ST,Kitron,
KOANOK.ST,KOANOK.ST,Kongsberg Automotive,
KOGNOK.ST,KOGNOK.ST,Kongsberg,
KVAERNOK.ST,KVAERNOK.ST,Kværner,
LSGNOK.ST,LSGNOK.ST,Leroy Seafood,
MOWINOK.ST,MOWINOK.ST,Marine Harvest,
NASNOK.ST,NASNOK.ST,Norwegian Air Shuttle,
NELNOK.ST,NELNOK.ST,Nel ASA,
NEXTNOK.ST,NEXTNOK.ST,Next Biometrics,
NHYNOK.ST,NHYNOK.ST,Norsk Hydro,
NODNOK.ST,NODNOK.ST,Nordic Semiconductor,
NOMNOK.ST,NOMNOK.ST,Nordic Mining,
NPRONOK.ST,NPRONOK.ST,Norwegian Property,
NRSNOK.ST,NRSNOK.ST,Norway Royal Salmon,
OCYNOK.ST,OCYNOK.ST,Ocean Yield,
ODLNOK.ST,ODLNOK.ST,Odfjell Drilli,
OLTNOK.ST,OLTNOK.ST,Olav Thon Eien,
OTELLONOK.ST,OTELLONOK.ST,Opera Software,
OPPREF.ST,OPPREF.ST,Oscar Properties Pref,
ORKNOK.ST,ORKNOK.ST,Orkla,
PGSNOK.ST,PGSNOK.ST,Petroleum Geo - Services,
PHONOK.ST,PHONOK.ST,Photocure,
PLCSNOK.ST,PLCSNOK.ST,Polarcus,
PROTCTNOK.ST,PROTCTNOK.ST,Protector Forsikring,
PRSNOK.ST,PRSNOK.ST,Prosafe,
QECNOK.ST,QECNOK.ST,Questerre Energy Corporation,
RECNOK.ST,RECNOK.ST,REC Silicon,
SAGAPREF.ST,SAGAPREF.ST,Sagax Pref,
SALMNOK.ST,SALMNOK.ST,SalMar,
SBONOK.ST,SBONOK.ST,Selvaag Bolig,
SDRLNOK.ST,SDRLNOK.ST,Seadrill Ltd,
SNINOK.ST,SNINOK.ST,Stolt-Nielsen,
SOLONNOK.ST,SOLONNOK.ST,Solon Eiendom,
SPUNOK.ST,SPUNOK.ST,Spectrum,
SRBANKNOK.ST,SRBANKNOK.ST,Sparebank 1Sr,
STBNOK.ST,STBNOK.ST,Storebrand,
EQNRNOK.ST,EQNRNOK.ST,Equinor,
SUBCNOK.ST,SUBCNOK.ST,Subsea 7,
TELNOK.ST,TELNOK.ST,Telenor,
TGSNOK.ST,TGSNOK.ST,TGS-NOPEC Geophysical,
THINNOK.ST,THINNOK.ST,Thin Film Electronics ASA,
TOMNOK.ST,TOMNOK.ST,Tomra Systems,
VEINOK.ST,VEINOK.ST,Veidekke,
WALWILNOK.ST,WALWILNOK.ST,Wallenius Wilhelmsen,
WWIBNOK.ST,WWIBNOK.ST,Wilhelm Wilhelmsen B,
WWINOK.ST,WWINOK.ST,Wilh Wilhelmsen Holding,
XXLNOK.ST,XXLNOK.ST,XXL ASA,
YARNOK.ST,YARNOK.ST,Yara International,
ZALNOK.ST,ZALNOK.ST,Zalaris ASA,
NICKE.ST,NICKE.ST,Nickel Mountain,
TIROINT.ST,TIROINT.ST,Transiro Int,
IZAFEB.ST,IZAFEB.ST,MediRatt,
STWA.ST,STWA.ST,SeaTwirl,
ACOUS.ST,ACOUS.ST,Acousort,
ALHX.ST,ALHX.ST,AlphaHelix Molecular,
ALONB.ST,ALONB.ST,Archelon B,
ALTEM.ST,ALTEM.ST,Alteco Medical,
AMH2B.ST,AMH2B.ST,Amhult 2,
ANGLR.ST,ANGLR.ST,Angler Gaming,
APSTR.ST,APSTR.ST,AppSpotr,
BEOSDB.ST,BEOSDB.ST,Beowulf Mining,
CAMB.ST,CAMB.ST,Consensus Asset,
CHALB.ST,CHALB.ST,Challenger Mobile,
CLSRB.ST,CLSRB.ST,Clinical Laserthermia,
DBPHAB.ST,DBPHAB.ST,Double Bond Pharma,
DEXTECH.ST,DEXTECH.ST,Dextech Medical,
EASYB.ST,EASYB.ST,EasyFill,
ECCB.ST,ECCB.ST,Ecoclime Group,
ECOB.ST,ECOB.ST,EcoRub,
ENVIRB.ST,ENVIRB.ST,Envirologic,
EURIB.ST,EURIB.ST,European Institute of Science,
EUROC.ST,EUROC.ST,Eurocon Consulting,
FINEP.ST,FINEP.ST,Finepart Sweden,
GENES.ST,GENES.ST,Genesis IT,
HOMEB.ST,HOMEB.ST,HomeMaid,
INSPL.ST,INSPL.ST,Insplorion,
LATFB.ST,LATFB.ST,Latvian Forest,
MENUB.ST,MENUB.ST,MenuCard,
MIHO.ST,MIHO.ST,Miris Holding,
NEVIB.ST,NEVIB.ST,New Equity Venture,
ORTB.ST,ORTB.ST,Ortoma,
PARAN.ST,PARAN.ST,Parans Solar Lighting,
PHIG.ST,PHIG.ST,Phase Holographic,
PLUND.ST,PLUND.ST,ProstaLund,
RAILG.ST,RAILG.ST,Railcare,
RECYB.ST,RECYB.ST,Recyctec Holding,
RESPS.ST,RESPS.ST,Respiratorius,
RLSC.ST,RLSC.ST,RLS Global,
SAFES.ST,SAFES.ST,Safe At Sea,
SIVEH.ST,SIVEH.ST,Sivers IMA,
STVAB.ST,STVAB.ST,Star Vault,
SYNTH.ST,SYNTH.ST,SyntheticMR,
TRANSA.ST,TRANSA.ST,Transferator A,
TRANSB.ST,TRANSB.ST,Transferator B,
TRUEB.ST,TRUEB.ST,True Heading,
WTGR.ST,WTGR.ST,Wonderful Times,
OBDUPREFB.ST,OBDUPREFB.ST,Obducat Pref B,
AERWB.ST,AERWB.ST,Aerowash,
CMHM.ST,CMHM.ST,Chordate Medical,
SARSYS.ST,SARSYS.ST,Scandinavian Airport Road,
SPINT.ST,SPINT.ST,Spintso International,
SAMTB.ST,SAMTB.ST,Samtrygg Group,
XAVIB.ST,XAVIB.ST,Xavitech,
BIOVICB.ST,BIOVICB.ST,Biovica International,
IPCOR.ST,IPCOR.ST,Intl Petroleum,
LOGS.ST,LOGS.ST,Logistea,
INTEGB.ST,INTEGB.ST,Integrum,
SECIT.ST,SECIT.ST,SECITS,
BIOSE.ST,BIOSE.ST,Bioservo Tech,
ABIGR.ST,ABIGR.ST,Abelco Investment,
AYIMAB.ST,AYIMAB.ST,Ayima,
TERRNTB.ST,TERRNTB.ST,TerraNet,
NTGRP.ST,NTGRP.ST,Net Trading Group,
ESSITYA.ST,ESSITYA.ST,Essity A,
ESSITYB.ST,ESSITYB.ST,Essity B,
LUMIN.ST,LUMIN.ST,Lundin Mining,
SUSW.ST,SUSW.ST,Surgical Science Sweden,
OMNIC.ST,OMNIC.ST,OmniCar,
NETMB.ST,NETMB.ST,Netmore,
SDSY.ST,SDSY.ST,Seamless Distribution,
FRAMB.ST,FRAMB.ST,Fram Skandinavien,
SBBPREF.ST,SBBPREF.ST,Samhallsbyggnadsbolaget I Norden Pref,
FNMA.ST,FNMA.ST,Ferronordic Machines,
3KRI.ST,3KRI.ST,Tre Kronor Property,
ASAIN.ST,ASAIN.ST,Artificial Solutions,
DEVPB.ST,DEVPB.ST,DevPort,
MAGIN.ST,MAGIN.ST,MAG Interactive,
LYKOA.ST,LYKOA.ST,Lyko,
ATVEXAB.ST,ATVEXAB.ST,Atvexa,
COREB.ST,COREB.ST,Corem Property,
HDWB.ST,HDWB.ST,Hitech Wireless Sweden,
LIVIH.ST,LIVIH.ST,Liv ihop,
NP3PREF.ST,NP3PREF.ST,NP3 Fastigheter Pref,
GREENL.ST,GREENL.ST,Green Landscaping,
BHGF.ST,BHGF.ST,Bygghemma,
FLUIC.ST,FLUIC.ST,Fluicell,
AECO.ST,AECO.ST,Africa Energy,
ELKNOK.ST,ELKNOK.ST,Elkem,
EPIRB.ST,EPIRB.ST,Epiroc B,
EPIRA.ST,EPIRA.ST,Epiroc A,
PENGB.ST,PENGB.ST,Projektengagemang,
MIDSU.ST,MIDSU.ST,Midsummer,
VNESDB.ST,VNESDB.ST,Veoneer SDR,
ASAPH.ST,ASAPH.ST,Asarina Pharma,
INFRAC.ST,INFRAC.ST,Infracom,
NYFO.ST,NYFO.ST,Nyfosa,
AROSPREF.ST,AROSPREF.ST,Aros Bostadsutveckling,
S2ME.ST,S2ME.ST,S2Medical,
LIMET.ST,LIMET.ST,Lime Tech,
CAGGR.ST,CAGGR.ST,CAG,
SBBD.ST,SBBD.ST,Samhallsbyggnadsbolaget I D,
FOOTB.ST,FOOTB.ST,Footway B,
ACELP.ST,ACELP.ST,Ascelia Pharma,
NENTA.ST,NENTA.ST,Nordic Entertainment A,
NENTB.ST,NENTB.ST,Nordic Entertainment B,
FRILLB.ST,FRILLB.ST,Frill,
CALMAB.ST,CALMAB.ST,Calmark Sweden B,
SCOLG.ST,SCOLG.ST,Scandion Oncology,
ADVTY.ST,ADVTY.ST,Adverty,
KARNO.ST,KARNO.ST,Karnov Group,
TRIBOB.ST,TRIBOB.ST,Triboron B,
VERTB.ST,VERTB.ST,Vertiseit,
K2AB.ST,K2AB.ST,K2A Knaust & Andersson Fastigheter,
QBITTO1.ST,QBITTO1.ST,QuickBit,
ZORDIXB.ST,ZORDIXB.ST,Zordix,
EQTAB.ST,EQTAB.ST,EQT AB,
