OriginalTicker,CleanedTicker,YahooTicker,Exchange,Company,URL
ACRI A,ACRI-A,ACRI-A.ST,Stockholm Stock Exchange,Yahoo Finance,https://finance.yahoo.com/quote/ACRI-A.ST
ACRI B,ACRI-B,ACRI-B.ST,Stockholm Stock Exchange,Yahoo Finance,https://finance.yahoo.com/quote/ACRI-B.ST
ATIC,ATIC,ATIC.ST,Stockholm Stock Exchange,Yahoo Finance,https://finance.yahoo.com/quote/ATIC.ST
ACTI,ACTI,ACTI,US Markets (default),Yahoo Finance,https://finance.yahoo.com/quote/ACTI
ATORX,ATORX,ATORX.ST,Stockholm Stock Exchange,Yahoo Finance,https://finance.yahoo.com/quote/ATORX.ST
ANNE B,ANNE-B,ANNE-B.ST,Stockholm Stock Exchange,Yahoo Finance,https://finance.yahoo.com/quote/ANNE-B.ST
ANOT,ANOT,ANOT.ST,Stockholm Stock Exchange,Yahoo Finance,https://finance.yahoo.com/quote/ANOT.ST
ARPL,ARPL,ARPL.ST,Stockholm Stock Exchange,Yahoo Finance,https://finance.yahoo.com/quote/ARPL.ST
ACE,ACE,ACE,US Markets (default),Yahoo Finance,https://finance.yahoo.com/quote/ACE
B3,B3,B3.ST,Stockholm Stock Exchange,Yahoo Finance,https://finance.yahoo.com/quote/B3.ST
BALCO,BALCO,BALCO.ST,Stockholm Stock Exchange,Yahoo Finance,https://finance.yahoo.com/quote/BALCO.ST
BEGR,BEGR,BEGR.ST,Stockholm Stock Exchange,Yahoo Finance,https://finance.yahoo.com/quote/BEGR.ST
BERNER B,BERNER-B,BERNER-B.ST,Stockholm Stock Exchange,Yahoo Finance,https://finance.yahoo.com/quote/BERNER-B.ST
BORG,BORG,BORG.ST,Stockholm Stock Exchange,Yahoo Finance,https://finance.yahoo.com/quote/BORG.ST
BONG,BONG,BONG.ST,Stockholm Stock Exchange,Yahoo Finance,https://finance.yahoo.com/quote/BONG.ST
BOUL,BOUL,BOUL,US Markets (default),Yahoo Finance,https://finance.yahoo.com/quote/BOUL
BULTEN,BULTEN,BULTEN.ST,Stockholm Stock Exchange,Yahoo Finance,https://finance.yahoo.com/quote/BULTEN.ST
CRAD B,CRAD-B,CRAD-B.ST,Stockholm Stock Exchange,Yahoo Finance,https://finance.yahoo.com/quote/CRAD-B.ST
CANTA,CANTA,CANTA.ST,Stockholm Stock Exchange,Yahoo Finance,https://finance.yahoo.com/quote/CANTA.ST
CARA,CARA,CARA.ST,Stockholm Stock Exchange,Yahoo Finance,https://finance.yahoo.com/quote/CARA.ST
CTM,CTM,CTM,US Markets (default),Yahoo Finance,https://finance.yahoo.com/quote/CTM
CNCJO B,CNCJO-B,CNCJO-B.ST,Stockholm Stock Exchange,Yahoo Finance,https://finance.yahoo.com/quote/CNCJO-B.ST
CTEK,CTEK,CTEK.ST,Stockholm Stock Exchange,Yahoo Finance,https://finance.yahoo.com/quote/CTEK.ST
DEDI,DEDI,DEDI.ST,Stockholm Stock Exchange,Yahoo Finance,https://finance.yahoo.com/quote/DEDI.ST
DORO,DORO,DORO.ST,Stockholm Stock Exchange,Yahoo Finance,https://finance.yahoo.com/quote/DORO.ST
DURC B,DURC-B,DURC-B.ST,Stockholm Stock Exchange,Yahoo Finance,https://finance.yahoo.com/quote/DURC-B.ST
EGTX,EGTX,EGTX.ST,Stockholm Stock Exchange,Yahoo Finance,https://finance.yahoo.com/quote/EGTX.ST
ELON,ELON,ELON,US Markets (default),Yahoo Finance,https://finance.yahoo.com/quote/ELON
ELTEL,ELTEL,ELTEL.ST,Stockholm Stock Exchange,Yahoo Finance,https://finance.yahoo.com/quote/ELTEL.ST
EG7,EG7,EG7.ST,Stockholm Stock Exchange,Yahoo Finance,https://finance.yahoo.com/quote/EG7.ST
ENRO,ENRO,ENRO,US Markets (default),Yahoo Finance,https://finance.yahoo.com/quote/ENRO
EPIS B,EPIS-B,EPIS-B.ST,Stockholm Stock Exchange,Yahoo Finance,https://finance.yahoo.com/quote/EPIS-B.ST
EQL,EQL,EQL,US Markets (default),Yahoo Finance,https://finance.yahoo.com/quote/EQL
FASTAT,FASTAT,FASTAT.ST,Stockholm Stock Exchange,Yahoo Finance,https://finance.yahoo.com/quote/FASTAT.ST
FNM,FNM,FNM,US Markets (default),Yahoo Finance,https://finance.yahoo.com/quote/FNM
FING B,FING-B,FING-B.ST,Stockholm Stock Exchange,Yahoo Finance,https://finance.yahoo.com/quote/FING-B.ST
FPIP,FPIP,FPIP.ST,Stockholm Stock Exchange,Yahoo Finance,https://finance.yahoo.com/quote/FPIP.ST
G5EN,G5EN,G5EN.ST,Stockholm Stock Exchange,Yahoo Finance,https://finance.yahoo.com/quote/G5EN.ST
GARO,GARO,GARO.ST,Stockholm Stock Exchange,Yahoo Finance,https://finance.yahoo.com/quote/GARO.ST
HAKI A,HAKI-A,HAKI-A.ST,Stockholm Stock Exchange,Yahoo Finance,https://finance.yahoo.com/quote/HAKI-A.ST
HAKI B,HAKI-B,HAKI-B.ST,Stockholm Stock Exchange,Yahoo Finance,https://finance.yahoo.com/quote/HAKI-B.ST
HAV B,HAV-B,HAV-B.ST,Stockholm Stock Exchange,Yahoo Finance,https://finance.yahoo.com/quote/HAV-B.ST
IS,IS,IS.ST,Stockholm Stock Exchange,Yahoo Finance,https://finance.yahoo.com/quote/IS.ST
IMMNOV,IMMNOV,IMMNOV.ST,Stockholm Stock Exchange,Yahoo Finance,https://finance.yahoo.com/quote/IMMNOV.ST
IBT B,IBT-B,IBT-B.ST,Stockholm Stock Exchange,Yahoo Finance,https://finance.yahoo.com/quote/IBT-B.ST
INFREA,INFREA,INFREA.ST,Stockholm Stock Exchange,Yahoo Finance,https://finance.yahoo.com/quote/INFREA.ST
IRLAB A,IRLAB-A,IRLAB-A.ST,Stockholm Stock Exchange,Yahoo Finance,https://finance.yahoo.com/quote/IRLAB-A.ST
ISOFOL,ISOFOL,ISOFOL.ST,Stockholm Stock Exchange,Yahoo Finance,https://finance.yahoo.com/quote/ISOFOL.ST
K2A B,K2A-B,K2A-B.ST,Stockholm Stock Exchange,Yahoo Finance,https://finance.yahoo.com/quote/K2A-B.ST
K2A PREF,K2A-PREF,K2A-PREF.ST,Stockholm Stock Exchange,Yahoo Finance,https://finance.yahoo.com/quote/K2A-PREF.ST
KARNEL B,KARNEL-B,KARNEL-B.ST,Stockholm Stock Exchange,Yahoo Finance,https://finance.yahoo.com/quote/KARNEL-B.ST
KDEV,KDEV,KDEV.ST,Stockholm Stock Exchange,Yahoo Finance,https://finance.yahoo.com/quote/KDEV.ST
LAMM B,LAMM-B,LAMM-B.ST,Stockholm Stock Exchange,Yahoo Finance,https://finance.yahoo.com/quote/LAMM-B.ST
MAHA A,MAHA-A,MAHA-A.ST,Stockholm Stock Exchange,Yahoo Finance,https://finance.yahoo.com/quote/MAHA-A.ST
MEAB B,MEAB-B,MEAB-B.ST,Stockholm Stock Exchange,Yahoo Finance,https://finance.yahoo.com/quote/MEAB-B.ST
MANG,MANG,MANG.ST,Stockholm Stock Exchange,Yahoo Finance,https://finance.yahoo.com/quote/MANG.ST
MVIR,MVIR,MVIR.ST,Stockholm Stock Exchange,Yahoo Finance,https://finance.yahoo.com/quote/MVIR.ST
IMMU,IMMU,IMMU.ST,Stockholm Stock Exchange,Yahoo Finance,https://finance.yahoo.com/quote/IMMU.ST
MSAB B,MSAB-B,MSAB-B.ST,Stockholm Stock Exchange,Yahoo Finance,https://finance.yahoo.com/quote/MSAB-B.ST
MSON A,MSON-A,MSON-A.ST,Stockholm Stock Exchange,Yahoo Finance,https://finance.yahoo.com/quote/MSON-A.ST
MSON B,MSON-B,MSON-B.ST,Stockholm Stock Exchange,Yahoo Finance,https://finance.yahoo.com/quote/MSON-B.ST
MOB,MOB,MOB,US Markets (default),Yahoo Finance,https://finance.yahoo.com/quote/MOB
MOMENT,MOMENT,MOMENT.ST,Stockholm Stock Exchange,Yahoo Finance,https://finance.yahoo.com/quote/MOMENT.ST
SAFETY B,SAFETY-B,SAFETY-B.ST,Stockholm Stock Exchange,Yahoo Finance,https://finance.yahoo.com/quote/SAFETY-B.ST
NICA,NICA,NICA.ST,Stockholm Stock Exchange,Yahoo Finance,https://finance.yahoo.com/quote/NICA.ST
NAXS,NAXS,NAXS.ST,Stockholm Stock Exchange,Yahoo Finance,https://finance.yahoo.com/quote/NAXS.ST
NELLY,NELLY,NELLY.ST,Stockholm Stock Exchange,Yahoo Finance,https://finance.yahoo.com/quote/NELLY.ST
NETEL,NETEL,NETEL.ST,Stockholm Stock Exchange,Yahoo Finance,https://finance.yahoo.com/quote/NETEL.ST
NGS,NGS,NGS,US Markets (default),Yahoo Finance,https://finance.yahoo.com/quote/NGS
NIL B,NIL-B,NIL-B.ST,Stockholm Stock Exchange,Yahoo Finance,https://finance.yahoo.com/quote/NIL-B.ST
NORB B,NORB-B,NORB-B.ST,Stockholm Stock Exchange,Yahoo Finance,https://finance.yahoo.com/quote/NORB-B.ST
NTEK B,NTEK-B,NTEK-B.ST,Stockholm Stock Exchange,Yahoo Finance,https://finance.yahoo.com/quote/NTEK-B.ST
ONCO,ONCO,ONCO,US Markets (default),Yahoo Finance,https://finance.yahoo.com/quote/ONCO
ORX,ORX,ORX,US Markets (default),Yahoo Finance,https://finance.yahoo.com/quote/ORX
OVZON,OVZON,OVZON.ST,Stockholm Stock Exchange,Yahoo Finance,https://finance.yahoo.com/quote/OVZON.ST
PIERCE,PIERCE,PIERCE.ST,Stockholm Stock Exchange,Yahoo Finance,https://finance.yahoo.com/quote/PIERCE.ST
PION B,PION-B,PION-B.ST,Stockholm Stock Exchange,Yahoo Finance,https://finance.yahoo.com/quote/PION-B.ST
PREC,PREC,PREC,US Markets (default),Yahoo Finance,https://finance.yahoo.com/quote/PREC
PREV B,PREV-B,PREV-B.ST,Stockholm Stock Exchange,Yahoo Finance,https://finance.yahoo.com/quote/PREV-B.ST
PROF B,PROF-B,PROF-B.ST,Stockholm Stock Exchange,Yahoo Finance,https://finance.yahoo.com/quote/PROF-B.ST
PENG B,PENG-B,PENG-B.ST,Stockholm Stock Exchange,Yahoo Finance,https://finance.yahoo.com/quote/PENG-B.ST
QLINEA,QLINEA,QLINEA.ST,Stockholm Stock Exchange,Yahoo Finance,https://finance.yahoo.com/quote/QLINEA.ST
QLIRO,QLIRO,QLIRO.ST,Stockholm Stock Exchange,Yahoo Finance,https://finance.yahoo.com/quote/QLIRO.ST
RAIL,RAIL,RAIL,US Markets (default),Yahoo Finance,https://finance.yahoo.com/quote/RAIL
SANION,SANION,SANION.ST,Stockholm Stock Exchange,Yahoo Finance,https://finance.yahoo.com/quote/SANION.ST
SEAF,SEAF,SEAF.ST,Stockholm Stock Exchange,Yahoo Finance,https://finance.yahoo.com/quote/SEAF.ST
SGG,SGG,SGG,US Markets (default),Yahoo Finance,https://finance.yahoo.com/quote/SGG
SEZI,SEZI,SEZI.ST,Stockholm Stock Exchange,Yahoo Finance,https://finance.yahoo.com/quote/SEZI.ST
SINT,SINT,SINT,US Markets (default),Yahoo Finance,https://finance.yahoo.com/quote/SINT
SIVE,SIVE,SIVE.ST,Stockholm Stock Exchange,Yahoo Finance,https://finance.yahoo.com/quote/SIVE.ST
SLEEP,SLEEP,SLEEP.ST,Stockholm Stock Exchange,Yahoo Finance,https://finance.yahoo.com/quote/SLEEP.ST
SOF B,SOF-B,SOF-B.ST,Stockholm Stock Exchange,Yahoo Finance,https://finance.yahoo.com/quote/SOF-B.ST
SFAB,SFAB,SFAB.ST,Stockholm Stock Exchange,Yahoo Finance,https://finance.yahoo.com/quote/SFAB.ST
STAR A,STAR-A,STAR-A.ST,Stockholm Stock Exchange,Yahoo Finance,https://finance.yahoo.com/quote/STAR-A.ST
STAR B,STAR-B,STAR-B.ST,Stockholm Stock Exchange,Yahoo Finance,https://finance.yahoo.com/quote/STAR-B.ST
STWK,STWK,STWK,US Markets (default),Yahoo Finance,https://finance.yahoo.com/quote/STWK
SVIK,SVIK,SVIK.ST,Stockholm Stock Exchange,Yahoo Finance,https://finance.yahoo.com/quote/SVIK.ST
SVED B,SVED-B,SVED-B.ST,Stockholm Stock Exchange,Yahoo Finance,https://finance.yahoo.com/quote/SVED-B.ST
SYNACT,SYNACT,SYNACT.ST,Stockholm Stock Exchange,Yahoo Finance,https://finance.yahoo.com/quote/SYNACT.ST
TOBII,TOBII,TOBII.ST,Stockholm Stock Exchange,Yahoo Finance,https://finance.yahoo.com/quote/TOBII.ST
TRAD,TRAD,TRAD,US Markets (default),Yahoo Finance,https://finance.yahoo.com/quote/TRAD
TRANS,TRANS,TRANS.ST,Stockholm Stock Exchange,Yahoo Finance,https://finance.yahoo.com/quote/TRANS.ST
VICO,VICO,VICO.ST,Stockholm Stock Exchange,Yahoo Finance,https://finance.yahoo.com/quote/VICO.ST
VIVE,VIVE,VIVE,US Markets (default),Yahoo Finance,https://finance.yahoo.com/quote/VIVE
WTW A,WTW-A,WTW-A.ST,Stockholm Stock Exchange,Yahoo Finance,https://finance.yahoo.com/quote/WTW-A.ST
WISE,WISE,WISE,US Markets (default),Yahoo Finance,https://finance.yahoo.com/quote/WISE
WBGR B,WBGR-B,WBGR-B.ST,Stockholm Stock Exchange,Yahoo Finance,https://finance.yahoo.com/quote/WBGR-B.ST
XBRANE,XBRANE,XBRANE.ST,Stockholm Stock Exchange,Yahoo Finance,https://finance.yahoo.com/quote/XBRANE.ST
XSPRAY,XSPRAY,XSPRAY.ST,Stockholm Stock Exchange,Yahoo Finance,https://finance.yahoo.com/quote/XSPRAY.ST
